<?xml version="1.0" encoding="UTF-8"?>
<project-private xmlns="http://www.netbeans.org/ns/project-private/1">
    <editor-bookmarks xmlns="http://www.netbeans.org/ns/editor-bookmarks/2" lastBookmarkId="0"/>
    <open-files xmlns="http://www.netbeans.org/ns/projectui-open-files/2">
        <group>
            <file>file:/C:/Users/Acer/Downloads/Java%20HieuTQ/Java%20HieuTQ/Array/src/assm1/InsertionSort.java</file>
            <file>file:/C:/Users/Acer/Downloads/Java%20HieuTQ/Java%20HieuTQ/Array/src/assm1/Mavenproject7.java</file>
            <file>file:/C:/Users/Acer/Downloads/Java%20HieuTQ/Java%20HieuTQ/Array/src/Student.java</file>
            <file>file:/C:/Users/Acer/Downloads/Java%20HieuTQ/Java%20HieuTQ/Array/src/assm1/Student.java</file>
            <file>file:/C:/Users/Acer/Downloads/Java%20HieuTQ/Java%20HieuTQ/Array/src/assm1/Manager.java</file>
            <file>file:/C:/Users/Acer/Downloads/Java%20HieuTQ/Java%20HieuTQ/Array/src/ASM1/StudentSorter.java</file>
            <file>file:/C:/Users/Acer/Downloads/Java%20HieuTQ/Java%20HieuTQ/Array/src/ASM1/StudentManager.java</file>
            <file>file:/C:/Users/Acer/Downloads/Java%20HieuTQ/Java%20HieuTQ/Array/src/ASM1/MergeSort.java</file>
            <file>file:/C:/Users/Acer/Downloads/Java%20HieuTQ/Java%20HieuTQ/Array/src/ASM1/JobQueue.java</file>
            <file>file:/C:/Users/Acer/Downloads/Java%20HieuTQ/Java%20HieuTQ/Array/src/ASM1/DijkstraAlgorithm.java</file>
            <file>file:/C:/Users/Acer/Downloads/Java%20HieuTQ/Java%20HieuTQ/Array/src/ASM1/Selectionsort.java</file>
            <file>file:/C:/Users/Acer/Downloads/Java%20HieuTQ/Java%20HieuTQ/Array/src/ASM1/StudentLinkedList.java</file>
            <file>file:/C:/Users/Acer/Downloads/Java%20HieuTQ/Java%20HieuTQ/Array/src/ASM1/Student.java</file>
            <file>file:/C:/Users/Acer/Downloads/Java%20HieuTQ/Java%20HieuTQ/Array/src/ASM1/QuickSort.java</file>
            <file>file:/C:/Users/Acer/Downloads/Java%20HieuTQ/Java%20HieuTQ/Array/src/ASM1/PrimJarnikAlgorithm.java</file>
            <file>file:/C:/Users/Acer/Downloads/Java%20HieuTQ/Java%20HieuTQ/Array/src/ASM1/Job.java</file>
            <file>file:/C:/Users/Acer/Downloads/Java%20HieuTQ/Java%20HieuTQ/Array/src/ASM1/Manager.java</file>
        </group>
    </open-files>
</project-private>
